[{
  "contentor": "M69E",
  "data": "2024-05-21T12:00:00.814Z",
  "valor": 457
},
{
  "contentor": "M6Q1",
  "data": "2024-05-21T12:00:00.842Z",
  "valor": 153
},
{
  "contentor": "M70L",
  "data": "2024-05-21T12:00:00.865Z",
  "valor": 104
},
{
  "contentor": "ME0I",
  "data": "2024-05-21T12:00:00.871Z",
  "valor": 248
},
{
  "contentor": "MQL1",
  "data": "2024-05-21T12:00:00.878Z",
  "valor": 367
},
{
  "contentor": "MQQ0",
  "data": "2024-05-21T12:00:00.884Z",
  "valor": 211
},
{
  "contentor": "MQQ6",
  "data": "2024-05-21T12:00:00.890Z",
  "valor": 345
},
{
  "contentor": "MQQQ",
  "data": "2024-05-21T12:00:00.897Z",
  "valor": 425
},
{
  "contentor": "MQQY",
  "data": "2024-05-21T12:00:00.903Z",
  "valor": 316
},
{
  "contentor": "MQY6",
  "data": "2024-05-21T12:00:00.909Z",
  "valor": 417
},
{
  "contentor": "MQYL",
  "data": "2024-05-21T12:00:00.915Z",
  "valor": 156
},
{
  "contentor": "MY00",
  "data": "2024-05-21T12:00:00.921Z",
  "valor": 196
},
{
  "contentor": "MY07",
  "data": "2024-05-21T12:00:00.926Z",
  "valor": 317
},
{
  "contentor": "MY17",
  "data": "2024-05-21T12:00:00.937Z",
  "valor": 256
},
{
  "contentor": "MY6L",
  "data": "2024-05-21T12:00:00.943Z",
  "valor": 339
},
{
  "contentor": "MY7Y",
  "data": "2024-05-21T12:00:00.950Z",
  "valor": 375
},
{
  "contentor": "MY9E",
  "data": "2024-05-21T12:00:00.969Z",
  "valor": 302
},
{
  "contentor": "MYE6",
  "data": "2024-05-21T12:00:00.977Z",
  "valor": 398
},
{
  "contentor": "MYEI",
  "data": "2024-05-21T12:00:00.983Z",
  "valor": 424
},
{
  "contentor": "N100",
  "data": "2024-05-21T12:00:00.990Z",
  "valor": 277
},
{
  "contentor": "N106",
  "data": "2024-05-21T12:00:00.996Z",
  "valor": 442
},
{
  "contentor": "N10L",
  "data": "2024-05-21T12:00:01.004Z",
  "valor": 472
},
{
  "contentor": "N110",
  "data": "2024-05-21T12:00:01.010Z",
  "valor": 359
},
{
  "contentor": "N111",
  "data": "2024-05-21T12:00:01.022Z",
  "valor": 239
},
{
  "contentor": "N1EI",
  "data": "2024-05-21T12:00:01.028Z",
  "valor": 136
},
{
  "contentor": "N1Y0",
  "data": "2024-05-21T12:00:01.047Z",
  "valor": 315
},
{
  "contentor": "N6Q0",
  "data": "2024-05-21T12:00:01.126Z",
  "valor": 432
},
{
  "contentor": "N7KI",
  "data": "2024-05-21T12:00:01.137Z",
  "valor": 198
},
{
  "contentor": "N7YK",
  "data": "2024-05-21T12:00:01.166Z",
  "valor": 204
},
{
  "contentor": "N7YL",
  "data": "2024-05-21T12:00:01.175Z",
  "valor": 369
},
{
  "contentor": "N9Y7",
  "data": "2024-05-21T12:00:01.187Z",
  "valor": 321
},
{
  "contentor": "NLIK",
  "data": "2024-05-21T12:00:01.196Z",
  "valor": 413
},
{
  "contentor": "NLKQ",
  "data": "2024-05-21T12:00:01.205Z",
  "valor": 121
},
{
  "contentor": "NQE0",
  "data": "2024-05-21T12:00:01.211Z",
  "valor": 165
},
{
  "contentor": "NQE1",
  "data": "2024-05-21T12:00:01.217Z",
  "valor": 102
},
{
  "contentor": "NYI6",
  "data": "2024-05-21T12:00:01.223Z",
  "valor": 291
},
{
  "contentor": "NYI7",
  "data": "2024-05-21T12:00:01.228Z",
  "valor": 392
},
{
  "contentor": "NYIQ",
  "data": "2024-05-21T12:00:01.233Z",
  "valor": 380
},
{
  "contentor": "NYK0",
  "data": "2024-05-21T12:00:01.239Z",
  "valor": 475
},
{
  "contentor": "P6Q0",
  "data": "2024-05-21T12:00:01.245Z",
  "valor": 302
},
{
  "contentor": "PL66K",
  "data": "2024-05-21T12:00:01.250Z",
  "valor": 466
},
{
  "contentor": "PL6Q1",
  "data": "2024-05-21T12:00:01.255Z",
  "valor": 431
},
{
  "contentor": "PL7KI",
  "data": "2024-05-21T12:00:01.264Z",
  "valor": 368
},
{
  "contentor": "PL9E0",
  "data": "2024-05-21T12:00:01.270Z",
  "valor": 123
},
{
  "contentor": "PLE0I",
  "data": "2024-05-21T12:00:01.276Z",
  "valor": 409
},
{
  "contentor": "PLIQL",
  "data": "2024-05-21T12:00:01.281Z",
  "valor": 193
},
{
  "contentor": "PLIQQ",
  "data": "2024-05-21T12:00:01.566Z",
  "valor": 440
},
{
  "contentor": "PPIK",
  "data": "2024-05-21T12:00:01.579Z",
  "valor": 254
},
{
  "contentor": "PPL70L",
  "data": "2024-05-21T12:00:01.592Z",
  "valor": 199
},
{
  "contentor": "PQE0",
  "data": "2024-05-21T12:00:01.599Z",
  "valor": 296
},
{
  "contentor": "V099",
  "data": "2024-05-21T12:00:01.618Z",
  "valor": 404
},
{
  "contentor": "V0EK",
  "data": "2024-05-21T12:00:01.625Z",
  "valor": 315
},
{
  "contentor": "V0QQ",
  "data": "2024-05-21T12:00:01.633Z",
  "valor": 323
},
{
  "contentor": "V106",
  "data": "2024-05-21T12:00:01.639Z",
  "valor": 439
},
{
  "contentor": "V111",
  "data": "2024-05-21T12:00:01.651Z",
  "valor": 149
},
{
  "contentor": "V116",
  "data": "2024-05-21T12:00:01.656Z",
  "valor": 230
},
{
  "contentor": "V11L",
  "data": "2024-05-21T12:00:01.662Z",
  "valor": 166
},
{
  "contentor": "V11Q",
  "data": "2024-05-21T12:00:01.670Z",
  "valor": 295
},
{
  "contentor": "V1QL",
  "data": "2024-05-21T12:00:01.676Z",
  "valor": 306
},
{
  "contentor": "V1Y0",
  "data": "2024-05-21T12:00:01.683Z",
  "valor": 250
},
{
  "contentor": "V6E1",
  "data": "2024-05-21T12:00:01.690Z",
  "valor": 288
},
{
  "contentor": "V6Q0",
  "data": "2024-05-21T12:00:01.698Z",
  "valor": 141
},
{
  "contentor": "V76L",
  "data": "2024-05-21T12:00:01.704Z",
  "valor": 394
},
{
  "contentor": "V7KI",
  "data": "2024-05-21T12:00:01.710Z",
  "valor": 194
},
{
  "contentor": "V9E0",
  "data": "2024-05-21T12:00:01.718Z",
  "valor": 106
},
{
  "contentor": "VIQL",
  "data": "2024-05-21T12:00:01.723Z",
  "valor": 435
},
{
  "contentor": "VIQQ",
  "data": "2024-05-21T12:00:01.730Z",
  "valor": 156
},
{
  "contentor": "VLIK",
  "data": "2024-05-21T12:00:01.737Z",
  "valor": 394
},
{
  "contentor": "VQE0",
  "data": "2024-05-21T12:00:01.748Z",
  "valor": 450
},
{
  "contentor": "VQE1",
  "data": "2024-05-21T12:00:01.756Z",
  "valor": 270
}]